Claim,Source Name,Source URL,Verdict,Review Publication Date,Image URL,Tags
Diploma de Lula tem erros de português e universidade nega emissão do documento,Aos Fatos,https://www.aosfatos.org/noticias/posts-distorcem-homenagem-lula-falsificou-diploma/,não_é_bem_assim,2025-04-10 07:00:00,https://encrypted-tbn1.gstatic.com/images?q=tbn:ANd9GcQKscWyKFNB2GR3Mzh5dfc-z-wfvvFde72WHfGR9QgKfNYTrdjI,"['Luiz Inácio Lula da Silva', 'Diploma', 'Universidade', 'Documento', 'Português']"
Nós pegamos esse país com 140 institutos federais [criados em cerca de 100 anos]. Nós vamos concluir 782 institutos federais nesse país,Aos Fatos,https://www.aosfatos.org/noticias/educacao-discurso-lula-desinformacao/,falso,2024-07-07 07:00:00,https://encrypted-tbn3.gstatic.com/images?q=tbn:ANd9GcSEwfrwospujBkS37RJPsWbSeb_dV116BXQm0C_Cl8xkgzT242O,"['Instituto', 'Instituto Federal de Educação, Ciência e Tecnologia', 'Ano', 'País']"
Nós descobrimos que 500 mil alunos do ensino médio desistem da escola por ano,Aos Fatos,https://www.aosfatos.org/noticias/educacao-discurso-lula-desinformacao/,verdadeiro,2024-07-07 07:00:00,https://encrypted-tbn3.gstatic.com/images?q=tbn:ANd9GcSEwfrwospujBkS37RJPsWbSeb_dV116BXQm0C_Cl8xkgzT242O,"['Escola', 'Ano', 'Aluno', 'Ensino médio', 'Ensino']"
Eu sou o único presidente da República que não tem diploma universitário.,Aos Fatos,https://www.aosfatos.org/noticias/educacao-discurso-lula-desinformacao/,falso,2024-07-07 07:00:00,https://encrypted-tbn3.gstatic.com/images?q=tbn:ANd9GcSEwfrwospujBkS37RJPsWbSeb_dV116BXQm0C_Cl8xkgzT242O,"['Presidente', 'Diploma', 'Presidente do Brasil', 'estudante universitário']"
"Porque no governo passado ninguém se metia a fazer greve. Então, só o fato do cara falar: ‘porra, o Lula está no governo, eu posso fazer uma grevezinha’. Ótimo! Que bom que ele está exercitando o direito de reclamar, o direito de reivindicar.",Aos Fatos,https://www.aosfatos.org/noticias/educacao-discurso-lula-desinformacao/,não_é_bem_assim,2024-07-07 07:00:00,https://encrypted-tbn3.gstatic.com/images?q=tbn:ANd9GcSEwfrwospujBkS37RJPsWbSeb_dV116BXQm0C_Cl8xkgzT242O,"['Luiz Inácio Lula da Silva', 'Governo', 'Greve', 'Fato', 'Direito']"
O Brasil foi o último país do mundo a ter uma universidade federal.,Aos Fatos,https://www.aosfatos.org/noticias/educacao-discurso-lula-desinformacao/,falso,2024-07-07 07:00:00,https://encrypted-tbn3.gstatic.com/images?q=tbn:ANd9GcSEwfrwospujBkS37RJPsWbSeb_dV116BXQm0C_Cl8xkgzT242O,"['Universidade', 'Brasil', 'Mundo', 'País', 'Universidade federal']"
"Lula disse que universidade é para rico, e não para os pobres",Aos Fatos,https://www.aosfatos.org/noticias/falso-lula-disse-que-universidade-foi-feita-para-rico/,falso,2024-06-13 07:00:00,https://encrypted-tbn0.gstatic.com/images?q=tbn:ANd9GcTRJ2ZcPltB4hbTCZ1lMYDAPltqPeZDBcf5fwdbisHxVTsW0xLN,"['Luiz Inácio Lula da Silva', 'Universidade', 'Pobreza']"
Metade da USP é aluno da periferia desse país.,Aos Fatos,https://www.aosfatos.org/noticias/lula-obras-paradas-escolas-perfil-social-alunos-usp/,não_é_bem_assim,2024-02-01 08:00:00,https://encrypted-tbn1.gstatic.com/images?q=tbn:ANd9GcR6f0WuYYbkgQCepRzvkat7wwY8VFYKpho-LLvmix6opSkrye4X,"['Universidade de São Paulo', 'Aluno', 'País']"
"Este país, que foi descoberto há 524 anos atrás, foi colonizado há muito tempo, foi o último país (...) a fazer com que a gente tivesse uma universidade.",Aos Fatos,https://www.aosfatos.org/noticias/lula-obras-paradas-escolas-perfil-social-alunos-usp/,não_é_bem_assim,2024-02-01 08:00:00,https://encrypted-tbn1.gstatic.com/images?q=tbn:ANd9GcR6f0WuYYbkgQCepRzvkat7wwY8VFYKpho-LLvmix6opSkrye4X,"['Universidade', 'País']"
"São praticamente 10 mil obras em escolas que estavam paralisadas, creches, quase 6.000 creches que estavam paralisadas",Aos Fatos,https://www.aosfatos.org/noticias/lula-obras-paradas-escolas-perfil-social-alunos-usp/,falso,2024-02-01 08:00:00,https://encrypted-tbn1.gstatic.com/images?q=tbn:ANd9GcR6f0WuYYbkgQCepRzvkat7wwY8VFYKpho-LLvmix6opSkrye4X,"['Escola', 'Educação infantil']"
Lula disse que universidade é para ricos,Estadão,https://www.estadao.com.br/estadao-verifica/lula-universidade-feita-para-rico/,Fora de contexto,2024-06-14 07:00:00,https://encrypted-tbn1.gstatic.com/images?q=tbn:ANd9GcQHRI2nLPwVpmZYHtufY5zpi3YKkP1yk1L07ikUDx7dRXoLc7lV,"['Luiz Inácio Lula da Silva', 'Universidade']"
"O normal é que universidade foi feita pra rico. Universidade foi feita para rico, não pra pobre",UOL Notícias,https://noticias.uol.com.br/confere/ultimas-noticias/2024/06/19/video-de-lula-sobre-universidade-feita-para-rico-esta-fora-de-contexto.htm,Distorcido,2024-06-19 07:00:00,https://encrypted-tbn0.gstatic.com/images?q=tbn:ANd9GcQfaTb8Qe23HFHSRcOEhn2RE3D1-f4KkkzSO1O-TG3GNavTFUxa,"['Universidade', 'Riqueza', 'Pobreza']"
Lula: Universidade foi feita para rico,UOL Notícias,https://noticias.uol.com.br/comprova/ultimas-noticias/2024/07/03/video-engana-ao-tirar-de-contexto-fala-de-lula-sobre-universidade.htm,Enganoso,2024-07-03 07:00:00,https://encrypted-tbn2.gstatic.com/images?q=tbn:ANd9GcQCFgYZW3RuC5FKo_FChcw1LnkGNha41tco9ONMF4mqqU0P9HYr,"['Luiz Inácio Lula da Silva', 'Universidade']"
O Brasil foi o último a abolir a escravidão,UOL Notícias,https://noticias.uol.com.br/confere/ultimas-noticias/2022/10/18/lula-erra-dados-historicos-e-exagera-sobre-novas-vagas-em-universidades.htm,Falso,2022-10-18 07:00:00,https://encrypted-tbn0.gstatic.com/images?q=tbn:ANd9GcQHhY4Mj3lzY2sW0SPE_wpBsxMpkWaSk8nCkAywkKoEWXVttp9Q,"['Brasil', 'Escravatura']"
O ministro do STF Alexandre de Moraes pediu o cancelamento do documento de uma estudante que criticou o presidente Lula,Aos Fatos,https://www.aosfatos.org/noticias/moraes-documento-estudante-unifesp-lula/,falso,2024-07-09 07:00:00,https://encrypted-tbn2.gstatic.com/images?q=tbn:ANd9GcQbdHeyjjotVpIdliDdGgOW1EtjyBwGlJhXnTHDWUL9KERA0W7k,"['Luiz Inácio Lula da Silva', 'Alexandre de Moraes', 'Aluno', 'Presidente', 'Ministro do Supremo Tribunal Federal do Brasil', 'Documento']"
